wkt_file,mean_hd,hd_list
../outputs/CVAE/extrapol/10/unet/WKT/extrapol_unet.wkt,240.75893683643957,"[25.0, 25.841385451878132, 28.0, 37.8549864614954, 36.0, 33.17793364419906, 35.4682957019364, 37.107950630558946, 32.01562118716424, 81.30190649671138, 71.25307010929424, 76.16429609731846, 75.4254598925323, 76.00657866263946, 80.15609770940699, 79.1012010022604, 76.10519036176179, 76.02631123499285, 85.00588214941364, 78.00640999302557, 92.00543462209176, 136.7186892857008, 210.6086417980041, 306.13232433050905, 386.0466293079115, 430.04185842775814, 427.05737319475, 428.1413318052813, 427.05737319475, 425.07528744917647, 428.05723916317544, 433.0415684434925, 436.1937642837183, 436.09288001525545, 421.143680945114, 423.1181867989132, 423.0425510513097, 435.04137734243164, 429.0291365396994, 425.0952834365491, 427.16858498723894, 425.0952834365491, 426.0422514258416, 426.0575078554537, 426.0293417125163]"
../outputs/CVAE/extrapol/10/unet/WKT/extrapol_unet.wkt,240.75893683643957,"[25.0, 25.841385451878132, 28.0, 37.8549864614954, 36.0, 33.17793364419906, 35.4682957019364, 37.107950630558946, 32.01562118716424, 81.30190649671138, 71.25307010929424, 76.16429609731846, 75.4254598925323, 76.00657866263946, 80.15609770940699, 79.1012010022604, 76.10519036176179, 76.02631123499285, 85.00588214941364, 78.00640999302557, 92.00543462209176, 136.7186892857008, 210.6086417980041, 306.13232433050905, 386.0466293079115, 430.04185842775814, 427.05737319475, 428.1413318052813, 427.05737319475, 425.07528744917647, 428.05723916317544, 433.0415684434925, 436.1937642837183, 436.09288001525545, 421.143680945114, 423.1181867989132, 423.0425510513097, 435.04137734243164, 429.0291365396994, 425.0952834365491, 427.16858498723894, 425.0952834365491, 426.0422514258416, 426.0575078554537, 426.0293417125163]"
