Percentage,Horizon,Mean,Std. Dev,Max,Min,List
70,500,0.9238208919266395,0.009452933995997184,0.9365405159907729,0.9144805899034237,"[0.9365405159907729, 0.9144805899034237, 0.9168117928557393, 0.9172083070060084, 0.934063253877253]"
70,1000,0.9183675593196254,0.012582907086222818,0.9365405159907729,0.8905771432704562,"[0.9365405159907729, 0.9144805899034237, 0.9168117928557393, 0.9172083070060084, 0.934063253877253, 0.9230105825324757, 0.9258377954201179, 0.9185303171796423, 0.8905771432704562, 0.9066152951603637]"
70,1500,0.9158129851541124,0.012448729143473218,0.9365405159907729,0.8905771432704562,"[0.9365405159907729, 0.9144805899034237, 0.9168117928557393, 0.9172083070060084, 0.934063253877253, 0.9230105825324757, 0.9258377954201179, 0.9185303171796423, 0.8905771432704562, 0.9066152951603637, 0.9240397061889315, 0.9188122509173158, 0.9116493309448637, 0.9045266694678286, 0.894491226596492]"
70,2000,0.9081136760651563,0.017719114275940067,0.9365405159907729,0.8730834038262082,"[0.9365405159907729, 0.9144805899034237, 0.9168117928557393, 0.9172083070060084, 0.934063253877253, 0.9230105825324757, 0.9258377954201179, 0.9185303171796423, 0.8905771432704562, 0.9066152951603637, 0.9240397061889315, 0.9188122509173158, 0.9116493309448637, 0.9045266694678286, 0.894491226596492, 0.898594757491372, 0.8899384516263436, 0.8852971630508346, 0.8730834038262082, 0.8781649679966806]"
