Percentage,Horizon,Mean,Std. Dev,Max,Min,List
70,500,45.87283022231045,5.223355951405342,52.46903848937962,38.3275357934736,"[38.3275357934736, 51.0098029794274, 52.46903848937962, 43.139309220245984, 44.41846462902562]"
70,1000,48.432989006411916,6.996661218929693,63.0,38.3275357934736,"[38.3275357934736, 51.0098029794274, 52.46903848937962, 43.139309220245984, 44.41846462902562, 50.91168824543142, 40.311288741492746, 54.147945482723536, 63.0, 46.594816482919235]"
70,1500,48.011931762774665,6.335042277326455,63.0,38.3275357934736,"[38.3275357934736, 51.0098029794274, 52.46903848937962, 43.139309220245984, 44.41846462902562, 50.91168824543142, 40.311288741492746, 54.147945482723536, 63.0, 46.594816482919235, 42.73287213206875, 42.0, 46.389654018972806, 50.60632371551998, 54.120236510939236]"
70,2000,52.35215265253491,9.804366849337592,77.10382610480494,38.3275357934736,"[38.3275357934736, 51.0098029794274, 52.46903848937962, 43.139309220245984, 44.41846462902562, 50.91168824543142, 40.311288741492746, 54.147945482723536, 63.0, 46.594816482919235, 42.73287213206875, 42.0, 46.389654018972806, 50.60632371551998, 54.120236510939236, 59.711930547266086, 65.30696746902278, 61.23544725075491, 63.50590523722971, 77.10382610480494]"
