Percentage,Horizon,Mean,Std. Dev,Max,Min,List
10,500,37.80444379308964,11.394034820691314,60.00833275470999,29.0,"[36.013886210738214, 30.0, 29.0, 34.0, 60.00833275470999]"
10,1000,51.43011679329474,23.580565867426973,108.01851693112621,29.0,"[36.013886210738214, 30.0, 29.0, 34.0, 60.00833275470999, 31.04834939252005, 65.00769185258002, 63.12685640834652, 58.077534382926416, 108.01851693112621]"
10,1500,68.2493557830909,30.633730350596817,108.01851693112621,29.0,"[36.013886210738214, 30.0, 29.0, 34.0, 60.00833275470999, 31.04834939252005, 65.00769185258002, 63.12685640834652, 58.077534382926416, 108.01851693112621, 98.00510190801293, 103.0, 102.04410811016969, 101.00495037373169, 105.38500842150178]"
10,2000,76.70569428916876,30.3461111778195,108.01851693112621,29.0,"[36.013886210738214, 30.0, 29.0, 34.0, 60.00833275470999, 31.04834939252005, 65.00769185258002, 63.12685640834652, 58.077534382926416, 108.01851693112621, 98.00510190801293, 103.0, 102.04410811016969, 101.00495037373169, 105.38500842150178, 104.17293314484334, 101.0, 98.04590761474952, 107.07474025184464, 100.07996802557443]"
