Percentage,Horizon,Mean,Std. Dev,Max,Min,List
90,500,57.73598352041362,16.807347983252402,84.86459803710851,37.86361969619459,"[84.86459803710851, 42.05948168962618, 62.369864518050704, 37.86361969619459, 61.5223536610881]"
90,1000,61.53018854761844,15.414320190794335,84.86459803710851,37.86361969619459,"[84.86459803710851, 42.05948168962618, 62.369864518050704, 37.86361969619459, 61.5223536610881, 81.0, 60.728905802755904, 50.80354318352215, 80.00624975587844, 54.08326913195984]"
90,1500,65.18592282766333,14.337795444411636,86.28441342444185,37.86361969619459,"[84.86459803710851, 42.05948168962618, 62.369864518050704, 37.86361969619459, 61.5223536610881, 81.0, 60.728905802755904, 50.80354318352215, 80.00624975587844, 54.08326913195984, 69.06518659932803, 66.91038783328041, 86.28441342444185, 64.53681120105021, 75.69015788066504]"
90,2000,70.56461951035074,16.397169212529636,107.20074626605917,37.86361969619459,"[84.86459803710851, 42.05948168962618, 62.369864518050704, 37.86361969619459, 61.5223536610881, 81.0, 60.728905802755904, 50.80354318352215, 80.00624975587844, 54.08326913195984, 69.06518659932803, 66.91038783328041, 86.28441342444185, 64.53681120105021, 75.69015788066504, 85.58621384311844, 82.71033792700887, 80.00624975587844, 107.20074626605917, 78.0]"
