Percentage,Horizon,Mean,Std. Dev,Max,Min,List
50,500,75.71674373338888,10.638360701363576,89.0,63.56099432828282,"[69.0, 69.0, 89.0, 88.02272433866155, 63.56099432828282]"
50,1000,65.15006183302009,15.644031857114694,89.0,43.0,"[69.0, 69.0, 89.0, 88.02272433866155, 63.56099432828282, 43.0, 48.636801514269614, 47.802975162526664, 78.00640999302557, 55.47071299343465]"
50,1500,61.483043293146956,17.49322479728057,90.0,38.01315561749642,"[69.0, 69.0, 89.0, 88.02272433866155, 63.56099432828282, 43.0, 48.636801514269614, 47.802975162526664, 78.00640999302557, 55.47071299343465, 42.01190307520001, 38.01315561749642, 53.33854141237835, 47.38143096192854, 90.0]"
50,2000,64.30192092292124,17.387170460591378,90.0,38.01315561749642,"[69.0, 69.0, 89.0, 88.02272433866155, 63.56099432828282, 43.0, 48.636801514269614, 47.802975162526664, 78.00640999302557, 55.47071299343465, 42.01190307520001, 38.01315561749642, 53.33854141237835, 47.38143096192854, 90.0, 45.617978911828175, 76.10519036176179, 76.21679604916491, 85.45379876949842, 80.39900496896712]"
