loss,val_loss,lr
0.09976696398334897,0.10556105167969414,0.0003
0.06098168446445532,0.08370456844568253,0.0003
